-- Вставка пользователей
INSERT INTO users (id, name, email) VALUES
('550e8400-e29b-41d4-a716-446655440000', 'user1', 'user1@example.com'),
('550e8400-e29b-41d4-a716-446655440001', 'user2', 'user2@example.com');

-- Вставка тегов
INSERT INTO tags (id, name, description) VALUES
('550e8400-e29b-41d4-a716-446655440002', 'urgent', 'Срочные задачи'),
('550e8400-e29b-41d4-a716-446655440003', 'low', 'Низкий приоритет'),
('550e8400-e29b-41d4-a716-446655440013', 'war', 'Низкий приоритет'),
('550e8400-e29b-41d4-a716-446655440014', 'quest', 'Испытание');

-- Вставка проектов
INSERT INTO projects (id, name, description, status) VALUES
('550e8400-e29b-41d4-a716-446655440004', 'Project A', 'Описание проекта A', 'OPEN'),
('550e8400-e29b-41d4-a716-446655440005', 'Project B', 'Описание проекта B', 'IN_PROGRES');

-- Вставка задач
INSERT INTO tasks (id, name, description, status, start_date, end_date, project_id, tag_id) VALUES
('550e8400-e29b-41d4-a716-446655440006', 'Task 1', 'Описание задачи 1', 'OPEN', '2023-01-01', '2023-01-02', '550e8400-e29b-41d4-a716-446655440004', '550e8400-e29b-41d4-a716-446655440002'),
('550e8400-e29b-41d4-a716-446655440007', 'Task 2', 'Описание задачи 2', 'IN_PROGRES', '2023-01-03', '2023-02-21', '550e8400-e29b-41d4-a716-446655440005', '550e8400-e29b-41d4-a716-446655440002'),
('550e8400-e29b-41d4-a716-446655440010', 'Task 3', 'Описание задачи 3', 'IN_PROGRES', '2023-01-01', '2023-01-04', '550e8400-e29b-41d4-a716-446655440005', '550e8400-e29b-41d4-a716-446655440003'),
('550e8400-e29b-41d4-a716-446655440011', 'Task 4', 'Описание задачи 4', 'IN_PROGRES', '2023-03-01', '2023-03-12', '550e8400-e29b-41d4-a716-446655440005', '550e8400-e29b-41d4-a716-446655440013'),
('550e8400-e29b-41d4-a716-446655440012', 'Task 5', 'Описание задачи 5', 'DONE', '2023-01-03', '2023-01-04', '550e8400-e29b-41d4-a716-446655440005', '550e8400-e29b-41d4-a716-446655440013');

-- Вставка связей задач и пользователей
INSERT INTO task_users (task_id, user_id) VALUES
('550e8400-e29b-41d4-a716-446655440006', '550e8400-e29b-41d4-a716-446655440000'),
('550e8400-e29b-41d4-a716-446655440007', '550e8400-e29b-41d4-a716-446655440001');

-- Вставка комментариев
INSERT INTO comments (id, description, created_at, user_id, task_id) VALUES
('550e8400-e29b-41d4-a716-446655440008', 'Первый комментарий', '2023-01-01', '550e8400-e29b-41d4-a716-446655440000', '550e8400-e29b-41d4-a716-446655440006'),
('550e8400-e29b-41d4-a716-446655440009', 'Второй комментарий', '2023-01-03', '550e8400-e29b-41d4-a716-446655440001', '550e8400-e29b-41d4-a716-446655440007');

